-- Insertar Organizador

INSERT INTO `usuarios` (`login`, `password`, `email`, `tipo`) VALUES('carmen', 'orgpass', 'lchousal@gmail.com', 'org');

-- Insertar Concurso

INSERT INTO `concurso` (`edicion`, `fechac`, `fechaf`, `usuarios_login`) VALUES(5,  '2015-11-11', '2015-12-28', 'carmen');
INSERT INTO `concurso` (`edicion`, `fechac`, `fechaf`, `usuarios_login`) VALUES(4, '2014-10-05', '2014-11-13', 'carmen');
INSERT INTO `concurso` (`edicion`, `fechac`, `fechaf`, `usuarios_login`) VALUES(3,  '2014-03-11', '2014-04-07', 'carmen');
INSERT INTO `concurso` (`edicion`, `fechac`, `fechaf`, `usuarios_login`) VALUES(2, '2013-09-10', '2014-10-02', 'carmen');
INSERT INTO `concurso` (`edicion`, `fechac`, `fechaf`, `usuarios_login`) VALUES(1,  '2013-02-11', '2015-03-20', 'carmen');


-- Insertat Usuarios

INSERT INTO `usuarios` (`login`, `password`, `email`, `tipo`) VALUES('millenium', 'milleniumpass', 'millenium@gmail.com', 'est');
INSERT INTO `usuarios` (`login`, `password`, `email`, `tipo`) VALUES('peregrinus', 'peregrinuspass', 'peregrinus@gmail.com', 'est');
INSERT INTO `usuarios` (`login`, `password`, `email`, `tipo`) VALUES('casapepe', 'casapepepass', 'casapepe@gmail.com', 'est');
INSERT INTO `usuarios` (`login`, `password`, `email`, `tipo`) VALUES('comecome', 'comecomepass', 'comecome@gmail.com', 'est');
INSERT INTO `usuarios` (`login`, `password`, `email`, `tipo`) VALUES('tapitas', 'tapitaspass', 'tapitas@gmai.com', 'est');
INSERT INTO `usuarios` (`login`, `password`, `email`, `tipo`) VALUES('recuncho', 'recunchopass', 'recuncho@gmail.com', 'est');
INSERT INTO `usuarios` (`login`, `password`, `email`, `tipo`) VALUES('brasa', 'brasapass', 'brasapass@gmail.com', 'est');
INSERT INTO `usuarios` (`login`, `password`, `email`, `tipo`) VALUES('centolo', 'centolopass', 'centolopass@gmail.com', 'est');
INSERT INTO `usuarios` (`login`, `password`, `email`, `tipo`) VALUES('tiacarmucha', 'tiacarmuchapass', 'tiacarmucha@gmail.com', 'est');
INSERT INTO `usuarios` (`login`, `password`, `email`, `tipo`) VALUES('lareira', 'lareirapass', 'lareira@gmail.com', 'est');
INSERT INTO `usuarios` (`login`, `password`, `email`, `tipo`) VALUES('atarazana', 'atarazanapass', 'atarazana@gmail.com', 'est');
INSERT INTO `usuarios` (`login`, `password`, `email`, `tipo`) VALUES('elplato', 'elplatopass', 'elplato@gmail.com', 'est');
INSERT INTO `usuarios` (`login`, `password`, `email`, `tipo`) VALUES('treboles', 'trebolespass', 'treboles@gmail.com', 'est');
INSERT INTO `usuarios` (`login`, `password`, `email`, `tipo`) VALUES('elreydelamesa', 'elreydelamesapass', 'elreydelamesa@gmail.com', 'est');

INSERT INTO `usuarios` (`login`, `password`, `email`, `tipo`) VALUES('mariano', 'marianopass', 'mariano@gmail.com', 'jpro');
INSERT INTO `usuarios` (`login`, `password`, `email`, `tipo`) VALUES('maria', 'mariapass', 'maria@gmail.com', 'jpro');
INSERT INTO `usuarios` (`login`, `password`, `email`, `tipo`) VALUES('paloma', 'palomapass', 'paloma@gmail.com', 'jpro');
INSERT INTO `usuarios` (`login`, `password`, `email`, `tipo`) VALUES('jose', 'josepass', 'jose@gmail.com', 'jpro');
INSERT INTO `usuarios` (`login`, `password`, `email`, `tipo`) VALUES('alberto', 'albertopass', 'alberto@gmail.com', 'jpro');

INSERT INTO `usuarios` (`login`, `password`, `email`, `tipo`) VALUES('jaime', 'jaimepass', 'jaime@gmail.com', 'jpop');
INSERT INTO `usuarios` (`login`, `password`, `email`, `tipo`) VALUES('laura', 'laurapass', 'laura@gmail.com', 'jpop');
INSERT INTO `usuarios` (`login`, `password`, `email`, `tipo`) VALUES('german', 'germanpass', 'german@gmail.com', 'jpop');
INSERT INTO `usuarios` (`login`, `password`, `email`, `tipo`) VALUES('clara', 'clarapass', 'clara@gmail.com', 'jpop');
INSERT INTO `usuarios` (`login`, `password`, `email`, `tipo`) VALUES('sergio', 'sergiopass', 'sergio@gmail.com', 'jpop');
INSERT INTO `usuarios` (`login`, `password`, `email`, `tipo`) VALUES('ramon', 'ramonpass', 'ramon@gmail.com', 'jpop');
INSERT INTO `usuarios` (`login`, `password`, `email`, `tipo`) VALUES('marcos', 'marcospass', 'macos@gmail.com', 'jpop');
INSERT INTO `usuarios` (`login`, `password`, `email`, `tipo`) VALUES('patricia', 'patriciapass', 'patricia@gmail.com', 'jpop');
INSERT INTO `usuarios` (`login`, `password`, `email`, `tipo`) VALUES('josemiguel', 'josemiguelpass', 'josemiguel@gmail.com', 'jpop');

-- Insertar Establecimientos

INSERT INTO `establecimiento` (`usuarios_login`, `nombre`, `direccion`, `telefono`, `web`, `horario`, `descripcionestablecimiento`) VALUES('millenium', 'Millenium', 'C/Manzana Nº2', '988458212', 'www.millenium.com', '09.00 - 22.00', 'Comida italiana casera');
INSERT INTO `establecimiento` (`usuarios_login`, `nombre`, `direccion`, `telefono`, `web`, `horario`, `descripcionestablecimiento`) VALUES('peregrinus', 'Peregrinus', 'Avd/Principal Bajo 23', '988654212', 'www.Peregrinus.com', '13.00-24.00', 'Especialistaas en carne');
INSERT INTO `establecimiento` (`usuarios_login`, `nombre`, `direccion`, `telefono`, `web`, `horario`, `descripcionestablecimiento`) VALUES('casapepe', 'Casa Pepe', 'C/Manzana Nº20', '988314756', 'www.casa-pepe.com', '09.00 - 16.00', 'Comida casera muy rica');
INSERT INTO `establecimiento` (`usuarios_login`, `nombre`, `direccion`, `telefono`, `web`, `horario`, `descripcionestablecimiento`) VALUES('comecome', 'Come Come', 'c/Abajo Nº82', '988564123', 'www.come.com', '13.00-24.00', 'Muy buen precio');
INSERT INTO `establecimiento` (`usuarios_login`, `nombre`, `direccion`, `telefono`, `web`, `horario`, `descripcionestablecimiento`) VALUES('tapitas', 'Tapitas', 'Plaza Mayor Nº2', '988756301', 'www.tapitas.es', '19.00 - 02.00', 'Las mejores tapas de Ourense');
INSERT INTO `establecimiento` (`usuarios_login`, `nombre`, `direccion`, `telefono`, `web`, `horario`, `descripcionestablecimiento`) VALUES('recuncho', 'O Recuncho', 'C/Arriba Nº45', '988756400', 'www.recuncho.com', '12.00-17.00', 'Comida tradicional gallega');
INSERT INTO `establecimiento` (`usuarios_login`, `nombre`, `direccion`, `telefono`, `web`, `horario`, `descripcionestablecimiento`) VALUES('brasa', 'Brasa', 'C/Larga Nº120', '988120365', 'www.brasa.com', '12.00 - 22.00', 'Especialistas en churrasco');
INSERT INTO `establecimiento` (`usuarios_login`, `nombre`, `direccion`, `telefono`, `web`, `horario`, `descripcionestablecimiento`) VALUES('centolo', 'O Centolo', 'Avd/Mar nº9', '988213366', 'www.centolo.com', '13.00-24.00', 'Especialidades de la casa: pulpo, marico y bacalao');
INSERT INTO `establecimiento` (`usuarios_login`, `nombre`, `direccion`, `telefono`, `web`, `horario`, `descripcionestablecimiento`) VALUES('tiacarmucha', 'Tia Carmucha', 'C/restaurante Nº43', '98777231', 'www.carmucha.com', '09.00 - 15.00', 'Especialistas en cocido');
INSERT INTO `establecimiento` (`usuarios_login`, `nombre`, `direccion`, `telefono`, `web`, `horario`, `descripcionestablecimiento`) VALUES('lareira', 'Lareira', 'Avd/Principal nº89', '988276143', 'www.lareira.com', '13.00-20.00', 'Muy acogedor');
INSERT INTO `establecimiento` (`usuarios_login`, `nombre`, `direccion`, `telefono`, `web`, `horario`, `descripcionestablecimiento`) VALUES('atarazana', 'A Tarazana', 'C/Larga Nº10', '988751236', 'www.tarazana.com', '12.00 - 22.00', 'La mejor sopa de la ciudad');
INSERT INTO `establecimiento` (`usuarios_login`, `nombre`, `direccion`, `telefono`, `web`, `horario`, `descripcionestablecimiento`) VALUES('elplato', 'El Plato', 'c/Manzana nº9', '988541136', 'www.el-plato.com', '13.00-24.00', 'Musica en directo durante la cena');
INSERT INTO `establecimiento` (`usuarios_login`, `nombre`, `direccion`, `telefono`, `web`, `horario`, `descripcionestablecimiento`) VALUES('treboles', 'Treboles', 'C/restaurante nº1', '9881536', 'www.treboles.com', '09.00 - 15.00', 'Comida vegetariana');
INSERT INTO `establecimiento` (`usuarios_login`, `nombre`, `direccion`, `telefono`, `web`, `horario`, `descripcionestablecimiento`) VALUES('elreydelamesa', 'El Rey de la mesa', 'Avd/Principal nº60', '988882145', 'www.rey-mesa.com', '13.00-20.00', 'Restaurante muy familiar');

-- Insertar JuradoProfesional

INSERT INTO `juradoprofesional` (`usuarios_login`,`fotojuradoprofesional`,`nombrejuradoprofesional`,`reconocimientos`) VALUES('mariano','mariano.jpg','Mariano Sousas Fernández','Nombrado tres veces estrella Michelin por sus grandes obras gastronómicas');
INSERT INTO `juradoprofesional` (`usuarios_login`,`fotojuradoprofesional`,`nombrejuradoprofesional`,`reconocimientos`) VALUES('maria','maria.jpg','María Pérez López','Mejor repostera del año 2013 y finalista al bogabante de oro en el año 2014');
INSERT INTO `juradoprofesional` (`usuarios_login`,`fotojuradoprofesional`,`nombrejuradoprofesional`,`reconocimientos`) VALUES('paloma','paloma.jpg','Paloma Fernández Álvarez','Nombrada finalista tres años consecutivos (2010-2013) y ganadora en el año 2014 de los premios Restaurante de Oro');
INSERT INTO `juradoprofesional` (`usuarios_login`,`fotojuradoprofesional`,`nombrejuradoprofesional`,`reconocimientos`) VALUES('jose','jose.jpg','Jose Méndez Castro','Mejor pincho en el certamen de pinchos de Madrid en el año 2014');
INSERT INTO `juradoprofesional` (`usuarios_login`,`fotojuradoprofesional`,`nombrejuradoprofesional`,`reconocimientos`) VALUES('alberto','alberto.jpg','Alberto Domínguez Pereira','Maestro cocinero reconocido internacionalmente por la revista Kitchen');

-- Insertar Pincho

INSERT INTO `pincho` (`idpincho`, `nombrepincho`, `fotopincho`, `descripcionpincho`, `ingredientesp`, `precio`, `aceptado`, `concurso_edicion`, `establecimiento_usuarios_login`) VALUES(null, 'Tortilla', 'pincho_1_casapepe.jpg', 'Tipica tortilla de patatas casera', 'Huevo, Cebolla, Patata', '2.30', 'A', 1, 'casapepe');
INSERT INTO `pincho` (`idpincho`, `nombrepincho`, `fotopincho`, `descripcionpincho`, `ingredientesp`, `precio`, `aceptado`, `concurso_edicion`, `establecimiento_usuarios_login`) VALUES(null, 'Huevo frito', 'pincho_1_tiacarmucha.jpg', 'Huevo frito simple', 'Huevo', '2.70', 'A', 1, 'tiacarmucha');
INSERT INTO `pincho` (`idpincho`, `nombrepincho`, `fotopincho`, `descripcionpincho`, `ingredientesp`, `precio`, `aceptado`, `concurso_edicion`, `establecimiento_usuarios_login`) VALUES(null, 'Revuelto', 'pincho_1_elreydelamesa.jpg', 'Deconstruccion de huevo con boletus y panceta', 'Huevo, panceta, boletus', '2.00', 'A', 1, 'elreydelamesa');
INSERT INTO `pincho` (`idpincho`, `nombrepincho`, `fotopincho`, `descripcionpincho`, `ingredientesp`, `precio`, `aceptado`, `concurso_edicion`, `establecimiento_usuarios_login`) VALUES(null, 'Lomos de merluza en salsa de crustáceos', 'pincho_1_treboles.jpg', 'Sabores de mar cautivadores y explosivos que te harán disfrutar de momentos de pasión y extasis', 'Lomos de merluza, cebolla, tomate, mejillón, nara, aceite, pimienta negra y perejil', '5.45', 'A', 1, 'treboles');
INSERT INTO `pincho` (`idpincho`, `nombrepincho`, `fotopincho`, `descripcionpincho`, `ingredientesp`, `precio`, `aceptado`, `concurso_edicion`, `establecimiento_usuarios_login`) VALUES(null, 'Montaditos de salchicha', 'pincho_1_elplato.jpg', 'Salchicha que descansa placidamente sobre un colchón de pimiento rojo y pan.', 'Salchicha, pan, primiento rojo, mermelada de cebolla y aceite.', '2.5', 'A', 1, 'elplato');
INSERT INTO `pincho` (`idpincho`, `nombrepincho`, `fotopincho`, `descripcionpincho`, `ingredientesp`, `precio`, `aceptado`, `concurso_edicion`, `establecimiento_usuarios_login`) VALUES(null, 'Pincho de calabaza al horno', 'pincho_1_lareira.jpg', 'Cubo de calabaza relleno de arroz bastami, arandanos seocs, pistachos pelados, calde de verduras, cebolla, ajo y pimiento verde italiano. Todos ingredientes de primerisima calidad.', 'Calabaza, arroz, arándanos, pistachos, cebolla, ajo, pimiento verde, tomillo, guindilla, pimienta molida, canela y sal.', '2.80', 'A', 1, 'lareira');
INSERT INTO `pincho` (`idpincho`, `nombrepincho`, `fotopincho`, `descripcionpincho`, `ingredientesp`, `precio`, `aceptado`, `concurso_edicion`, `establecimiento_usuarios_login`) VALUES(null, 'Albóndiga con tomate rellena de huevo', 'pincho_1_millenium.jpg', 'Albóndiga de carne de ternera rellana de huevo duro que le da un toque de entusiasmo a la tradicional albóndiga para el deleite del comensal.', 'Carne de ternera, ajo, cebolla, comino, clavosde olor, sal, pimienta negra, huevo, hierbabuena, pan rallado, harina, aceite y tomate', '2.35', 'A', 1, 'millenium');
INSERT INTO `pincho` (`idpincho`, `nombrepincho`, `fotopincho`, `descripcionpincho`, `ingredientesp`, `precio`, `aceptado`, `concurso_edicion`, `establecimiento_usuarios_login`) VALUES(null, 'Hojaldre con paté de perdiz, manzana verde y trufa', 'pincho_1_comecome.jpg', 'Bocado con contraste de sabores y un aroma que despiertan el apetito, es un hojaldre con paté de perdiz, manzana verde y trufa que está para chuparse los dedos', 'Hojaldre, paté de perdiz, manzana verde y trufa', '3', 'A', 1, 'comecome');
INSERT INTO `pincho` (`idpincho`, `nombrepincho`, `fotopincho`, `descripcionpincho`, `ingredientesp`, `precio`, `aceptado`, `concurso_edicion`, `establecimiento_usuarios_login`) VALUES(null, 'Palitos de polenta con parmesano y romero', 'pincho_1_centolo.jpg', 'Polenta  enriquecida con queso y aromatizada con romero y aceite de trufa a la plancha', 'Caldo de jamón, romero fresco, polenta, queso parmesano', '2.5', 'A', 1, 'centolo');

INSERT INTO `pincho` (`idpincho`, `nombrepincho`, `fotopincho`, `descripcionpincho`, `ingredientesp`, `precio`, `aceptado`, `concurso_edicion`, `establecimiento_usuarios_login`) VALUES(null, 'Merluza al tomillo limón con patatas rotas', 'pincho_2_treboles.jpg', 'La Merluza de Pincho se denomina así porque esa es la modalidad en la que fue pescada.  Esta merluza es mas cara de lo normal  porque es pescada a la antigua usanza, una a una, de hay el anzuelo que encontraremos en su mandibula. A cambio, aporta una considerable ventaja: lo que se pesca es de primerísima calidad.', 'Merluza de Pincho, vino blanco, hierbabuena, pimienta, sal, tomillo y limón', '8.75', 'A', 2, 'treboles');
INSERT INTO `pincho` (`idpincho`, `nombrepincho`, `fotopincho`, `descripcionpincho`, `ingredientesp`, `precio`, `aceptado`, `concurso_edicion`, `establecimiento_usuarios_login`) VALUES(null, 'Minihamburguesa con queso, philadelphia y cebolla', 'pincho_2_centolo.jpg', 'Para un finde de relax, en el que no tenemos muchas ganas de complicarnos la vida, es ideal esta hamburguesa, pocos ingredientes y de calidad.', 'Pan de hamburguesa, carne de ternera, sal, pimienta negra, queso philadelphia y cebolla', '2.5', 'A', 2, 'centolo');
INSERT INTO `pincho` (`idpincho`, `nombrepincho`, `fotopincho`, `descripcionpincho`, `ingredientesp`, `precio`, `aceptado`, `concurso_edicion`, `establecimiento_usuarios_login`) VALUES(null, 'Pincho de bacalao a la provenzal', 'pincho_2_elplato.jpg', 'Riquisimo pincho de bacalao al estilo provenzal', 'Bacalao, patatas, salsa bechamel, AOVE, ajo, perejil y pan rallado', '1.75', 'A', 2, 'elplato');
INSERT INTO `pincho` (`idpincho`, `nombrepincho`, `fotopincho`, `descripcionpincho`, `ingredientesp`, `precio`, `aceptado`, `concurso_edicion`, `establecimiento_usuarios_login`) VALUES(null, 'Brocheta de pollo marinado con verduras', 'pincho_2_peregrinus.jpg', 'Brochetas estupendas de pollo con verduras que quedan estupendamente para preparar un rico y jugoso pincho o para una cena bien completa.', 'Pechuga de pollo, tomate cherry, cebolla, pimiento verde, pimiento rojo, calabacín, vino blanco, aceite, cayena, ajo en polvo, cebolla en polvo, romero seco, orégano seco, comino en polvo, colorante alimenticio, pimentón, sal y pimienta', '3.25', 'A', 2, 'peregrinus');
INSERT INTO `pincho` (`idpincho`, `nombrepincho`, `fotopincho`, `descripcionpincho`, `ingredientesp`, `precio`, `aceptado`, `concurso_edicion`, `establecimiento_usuarios_login`) VALUES(null, 'Carpaccio con tapenade de nueces en hojaldre', 'pincho_2_tapitas.jpg', 'El carpaccio de ternera está muy bien acompañado del tapenade con nueces sobre una tostada', 'Carpaccio, tapenade, nueces, hojaldre', '5', 'A', 2, 'tapitas');
INSERT INTO `pincho` (`idpincho`, `nombrepincho`, `fotopincho`, `descripcionpincho`, `ingredientesp`, `precio`, `aceptado`, `concurso_edicion`, `establecimiento_usuarios_login`) VALUES(null, 'Cazuelita de almejas con espárragos', 'pincho_2_millenium.jpg', 'Manzanilla y salsa de soja aromatizan este salteado de espárragos, ajos tiernos y almejas', 'Almejas, espárragos, ajo, soja', '2.5', 'A', 2, 'millenium');
INSERT INTO `pincho` (`idpincho`, `nombrepincho`, `fotopincho`, `descripcionpincho`, `ingredientesp`, `precio`, `aceptado`, `concurso_edicion`, `establecimiento_usuarios_login`) VALUES(null, 'Higos, mozzarella y albahaca', 'pincho_2_recuncho.jpg', 'Pincho fresco y rico en verano, es tan sencillo como combinar higos, mozzarella y albahaca y aderezar con una vinagreta con mostaza, miel y frutos secos', 'Higos, mozzarella, albahaca, vinagreta, miel, frutos secos', '2.5', 'A', 2, 'recuncho');
INSERT INTO `pincho` (`idpincho`, `nombrepincho`, `fotopincho`, `descripcionpincho`, `ingredientesp`, `precio`, `aceptado`, `concurso_edicion`, `establecimiento_usuarios_login`) VALUES(null, 'Pincho de melón con anchoa y mermelada de cebolla', 'pincho_2_elreydelamesa.jpg', 'Pincho de melón con anchoa y mermelada de cebolla, una combinación de sabores dulces y salados que resulta elegante al paladar.', 'Melón, anchoa, mermelada de cebolla', '1.5', 'A', 2, 'elreydelamesa');

INSERT INTO `pincho` (`idpincho`, `nombrepincho`, `fotopincho`, `descripcionpincho`, `ingredientesp`, `precio`, `aceptado`, `concurso_edicion`, `establecimiento_usuarios_login`) VALUES(null, 'Delicia de salmon', 'pincho_3_centolo.jpg', 'Salmon ahumado sobre pan tostado', 'Salmon ahumado, pan tostado', '3.50', 'A', 3, 'centolo');
INSERT INTO `pincho` (`idpincho`, `nombrepincho`, `fotopincho`, `descripcionpincho`, `ingredientesp`, `precio`, `aceptado`, `concurso_edicion`, `establecimiento_usuarios_login`) VALUES(null, 'Pincho de pollo verde', 'pincho_3_comecome.jpg', 'Pollo, lenchuga, cebolleta y mayonesa sobreuna cama de pan de molde sin corteza crujiente', 'Contramuslos deshuesados de pollo, cebolleta, rúcula, canónigos, lechuga romana, mayonesa, sal, aceite de oliva y pan de model', '2.95', 'A', 3, 'comecome');
INSERT INTO `pincho` (`idpincho`, `nombrepincho`, `fotopincho`, `descripcionpincho`, `ingredientesp`, `precio`, `aceptado`, `concurso_edicion`, `establecimiento_usuarios_login`) VALUES(null, 'Pimientos del piquillo con salsa de ostras', 'pincho_3_tiacarmucha.jpg', 'Pimientos del piquillo con salsa de ostras que están para mojar pan.', 'Pimientos, ostras', '2', 'A', 3, 'tiacarmucha');
INSERT INTO `pincho` (`idpincho`, `nombrepincho`, `fotopincho`, `descripcionpincho`, `ingredientesp`, `precio`, `aceptado`, `concurso_edicion`, `establecimiento_usuarios_login`) VALUES(null, 'Patatas a la importancia', 'pincho_3_elreydelamesa.jpg', 'Es un plato popular y bastante conocido. Mi madre las preparaba a menudo, aunque en casa nunca se denominaron patatas a la importancia. En casa eran simplemente patatas rebozadas, que tendremos que reconocer que a pesar de describir muy bien lo que es el plato en sí es un nombre con mucho menos empaque.', 'Patatas, cebolla, ajo, perejil, azafrán, vino blanco, aceite, huevo, harina, sal e pimienta', '3.50', 'A', 3, 'elreydelamesa');
INSERT INTO `pincho` (`idpincho`, `nombrepincho`, `fotopincho`, `descripcionpincho`, `ingredientesp`, `precio`, `aceptado`, `concurso_edicion`, `establecimiento_usuarios_login`) VALUES(null, 'Minipiza vegetariana', 'pincho_3_elplato.jpg', 'Para aquellos que disfrutan con las buenaz pizzas y les encantan los vegetales no pueden perderse este pincho elaborado en horno de leña y con ingredientes de primera calidad.', 'Harina, aceite, sal, levadura,alcachofa, mozzarela de búfala, setas, tomates cherry, albahaca, ajo y queso parmesano', '4.55', 'A', 3, 'elplato');
INSERT INTO `pincho` (`idpincho`, `nombrepincho`, `fotopincho`, `descripcionpincho`, `ingredientesp`, `precio`, `aceptado`, `concurso_edicion`, `establecimiento_usuarios_login`) VALUES(null, 'Paté de berenjena', 'pincho_3_brasa.jpg', 'Este Paté de berenjena está inspirado en dos platos típicos de la cocina árabe, el Baba Ganush y el Mutabal (Mtabbal bathenjan), ambos pensados para el disfrute de los sentidos.', 'Berenjena, ajo, limón, tahini, aceite, semillas de sésamo, comino en polvo y yogurt desnatado cremoso.', '2.65', 'D', 3, 'brasa');
INSERT INTO `pincho` (`idpincho`, `nombrepincho`, `fotopincho`, `descripcionpincho`, `ingredientesp`, `precio`, `aceptado`, `concurso_edicion`, `establecimiento_usuarios_login`) VALUES(null, 'Salsa de pimientos asados', 'pincho_3_tapitas.jpg', 'Esta salsa de pimientos es una auténtica delicia, ideal para acompañar aperitivos, pinchos, para aderezar bocadillos y si acompañamos con ella un trozo de tortilla, nos lleva a la gloria. Os invito a hacerla, les gustará', 'Pimiento rojo, aceite, vinagre, pimentón comino, ajo, sal y pimienta', '1.50', 'A', 3, 'tapitas');

INSERT INTO `pincho` (`idpincho`, `nombrepincho`, `fotopincho`, `descripcionpincho`, `ingredientesp`, `precio`, `aceptado`, `concurso_edicion`, `establecimiento_usuarios_login`) VALUES(null, 'Sardinas', 'pincho_4_elplato.jpg', 'Sardinas fritas', 'Sardinas', '3.50', 'A', 4, 'elplato');
INSERT INTO `pincho` (`idpincho`, `nombrepincho`, `fotopincho`, `descripcionpincho`, `ingredientesp`, `precio`, `aceptado`, `concurso_edicion`, `establecimiento_usuarios_login`) VALUES(null, 'Pincho de anchoas y pepinillo', 'pincho_4_recuncho.jpg', 'Anchoas y pimiento sobre una rodaja de pepino', 'Pepino largo, cebolleta fresca, pimiento rojo, sal, aceite, pimiento y terneta' ,'1.85', 'A', 4, 'recuncho');
INSERT INTO `pincho` (`idpincho`, `nombrepincho`, `fotopincho`, `descripcionpincho`, `ingredientesp`, `precio`, `aceptado`, `concurso_edicion`, `establecimiento_usuarios_login`) VALUES(null, 'Patatas rellenas de carne', 'pincho_4_comecome.jpg', 'Explosión de sabores. Manjar de dioses.', 'Patatas, carne, ajo, cebolla, perejil, azafrán, aceita, sal, pimienta,harina y huevo.', '6.50', 'N', 4, 'comecome');
INSERT INTO `pincho` (`idpincho`, `nombrepincho`, `fotopincho`, `descripcionpincho`, `ingredientesp`, `precio`, `aceptado`, `concurso_edicion`, `establecimiento_usuarios_login`) VALUES(null, 'Jamón de pato al cacao con vinagreta ahumada de naranja', 'pincho_4_tiacarmucha.jpg', 'Juego de sabores muy acertado porque por un lado está la jugosidad y dulzor de la fruta, y por el otro un jamón curado con una tendencia salada', 'Jamón de pato, cacao, mango, vinagreta, naranja', '2.5', 'A', 4, 'tiacarmucha');
INSERT INTO `pincho` (`idpincho`, `nombrepincho`, `fotopincho`, `descripcionpincho`, `ingredientesp`, `precio`, `aceptado`, `concurso_edicion`, `establecimiento_usuarios_login`) VALUES(null, 'Mejillones Tigres Rabiosos', 'pincho_4_elreydelamesa.jpg', 'Mejillones as vapor cubiertos en salsa de tomate con cebolla aderezada con oregano, pimienta negra y pimentón.', 'Mejillones, cebolla, salsa de tomate, ajo, laurel, guindilla, pimiento choricero, vino blanco, orégano, pimienta negra y pimentón picante.', '4.50', 'A', 4, 'elreydelamesa');
INSERT INTO `pincho` (`idpincho`, `nombrepincho`, `fotopincho`, `descripcionpincho`, `ingredientesp`, `precio`, `aceptado`, `concurso_edicion`, `establecimiento_usuarios_login`) VALUES(null, 'Pincho de atún a la plancha al aroma de mostaza', 'pincho_4_tapitas.jpg', 'Lomos de atún a la plancha aderezados con mostraza importada de Francia', 'Atún, aceie, vinagre, mostaza, sal y pimienta blanca', '4.55', 'A', 4, 'tapitas');

INSERT INTO `pincho` (`idpincho`, `nombrepincho`, `fotopincho`, `descripcionpincho`, `ingredientesp`, `precio`, `aceptado`, `concurso_edicion`, `establecimiento_usuarios_login`) VALUES(null, 'Waps de atún y aguacate', 'pincho_5_treboles.jpg', 'Una ensalada con encanto', 'Tortillas de maíz, aguacate, huevo, atún, bacon ahumado, rúcula, aceita y pimienta negra', '1.50', 'A', 5, 'treboles');
INSERT INTO `pincho` (`idpincho`, `nombrepincho`, `fotopincho`, `descripcionpincho`, `ingredientesp`, `precio`, `aceptado`, `concurso_edicion`, `establecimiento_usuarios_login`) VALUES(null, 'Ensalada ahumada de salmón y aguacates', 'pincho_5_tapitas.jpg', 'Para cuando una ensalada no es suficiente. Para cuando necesitamos nuevas emociones. Un pincho para disfrutar de una nueva forma de ensaladas.', 'Salmón ahumado, aguacate, zumo de limón, aceite, cebolleta, primienta rosa y sal.', '3.45', 'A', 5, 'tapitas');
INSERT INTO `pincho` (`idpincho`, `nombrepincho`, `fotopincho`, `descripcionpincho`, `ingredientesp`, `precio`, `aceptado`, `concurso_edicion`, `establecimiento_usuarios_login`) VALUES(null, 'Chipirones', 'pincho_5_comecome.jpg', 'Chipirones rellenos', 'Chipirones, pimiento, tomate, zanahoria', '2.75', 'A', 5, 'comecome');
INSERT INTO `pincho` (`idpincho`, `nombrepincho`, `fotopincho`, `descripcionpincho`, `ingredientesp`, `precio`, `aceptado`, `concurso_edicion`, `establecimiento_usuarios_login`) VALUES(null, 'Cocidito', 'pincho_5_tiacarmucha.jpg', 'Degustacion en miniatur de un codido', 'Garbanzos, repollo,chorizo,lacon', '3.80', 'A', 5, 'tiacarmucha');
INSERT INTO `pincho` (`idpincho`, `nombrepincho`, `fotopincho`, `descripcionpincho`, `ingredientesp`, `precio`, `aceptado`, `concurso_edicion`, `establecimiento_usuarios_login`) VALUES(null, 'Multiarroz', 'pincho_5_recuncho.jpg', 'Arroz con polo y verduras', 'Pollo, arroz, calabazin, guisantes', '2.25', 'A', 5, 'recuncho');
INSERT INTO `pincho` (`idpincho`, `nombrepincho`, `fotopincho`, `descripcionpincho`, `ingredientesp`, `precio`, `aceptado`, `concurso_edicion`, `establecimiento_usuarios_login`) VALUES(null, 'Ensalada de brotes de espinacas, queso y frutos secos', 'pincho_5_peregrinus.jpg', 'Para chuparse los dedos. Combinación de ingredientes asombroso.', 'espinacas, queso de cabra, frutos secos, panceta, azúcar, binagre, aceite y sal', '2.60', 'A', 5, 'peregrinus');
INSERT INTO `pincho` (`idpincho`, `nombrepincho`, `fotopincho`, `descripcionpincho`, `ingredientesp`, `precio`, `aceptado`, `concurso_edicion`, `establecimiento_usuarios_login`) VALUES(null, 'Berenjena a la parmesana', 'pincho_5_centolo.jpg', 'De las verduras más sabrosas y ricas que existen adornada con queso parmesano y mozzarela.', 'Berenjena, harina, aceite, mozzarela, queso parmesano, tomat, cebolla, ajo, primiento verde, albahaca, sal y pimienta.', '3.60', 'N', 5, 'centolo');
INSERT INTO `pincho` (`idpincho`, `nombrepincho`, `fotopincho`, `descripcionpincho`, `ingredientesp`, `precio`, `aceptado`, `concurso_edicion`, `establecimiento_usuarios_login`) VALUES(null, 'Albóndiga de carne y queso', 'pincho_5_millenium.jpg', 'Albóndiga de carne y queso presentada sobre una cama de lechuga.', 'Carne de ternera, cebolla, queso emental, eneldo, perejil, arroz, sal y pimienta.', '2.50', 'A', 5, 'millenium');
INSERT INTO `pincho` (`idpincho`, `nombrepincho`, `fotopincho`, `descripcionpincho`, `ingredientesp`, `precio`, `aceptado`, `concurso_edicion`, `establecimiento_usuarios_login`) VALUES(null, 'Patatas al horno con pasta de soja y guindilla ', 'pincho_5_casapepe.jpg', 'Patatas al horno con pasta de soja fermentada y guindilla, una pasta coreana conocida como Gochu Jang con un toque picante.', 'Patatas, soja y guindilla ', '2.5', 'D', 5, 'casapepe');
INSERT INTO `pincho` (`idpincho`, `nombrepincho`, `fotopincho`, `descripcionpincho`, `ingredientesp`, `precio`, `aceptado`, `concurso_edicion`, `establecimiento_usuarios_login`) VALUES(null, 'Patatas bravas', 'pincho_5_elplato.jpg', 'Clásico de la cocina madrileña, las patatas bravas con auténtica salsa elaborada.', 'Patatas, salsa brava', '2.5', 'A', 5, 'elplato');




